#Organism Name,Organism Groups,BioSample,BioProject,Assembly,Level,Size(Mb),GC%,Replicons,Host,CDS,Neighbors,Release Date,GenBank FTP,RefSeq FTP,Replicons
"Escherichia virus T4","Viruses;Other;Myoviridae","","","GCA_002599665.1","Complete",0.16566,35.3,"KJ477686.1","bacteria",183,,"2014-05-07T00:00:00Z","ftp://ftp.ncbi.nlm.nih.gov/genomes/all/GCA/002/599/665/GCA_002599665.1_ASM259966v1",,"KJ477686.1"
"Escherichia phage T4","Viruses;Other;Myoviridae","","","GCA_015709735.1","Complete",0.168908,35.3,"MT984581.1","bacteria",276,,"2020-11-29T00:00:00Z","ftp://ftp.ncbi.nlm.nih.gov/genomes/all/GCA/015/709/735/GCA_015709735.1_ASM1570973v1",,"MT984581.1"
"Escherichia virus T4","Viruses;Other;Myoviridae","","","GCA_002599625.1"," Chromosome",0.168922,35.3,"KJ477684.1","bacteria",202,,"2014-05-07T00:00:00Z","ftp://ftp.ncbi.nlm.nih.gov/genomes/all/GCA/002/599/625/GCA_002599625.1_ASM259962v1",,"KJ477684.1"
"Enterobacteria phage RB59","Viruses;Other;Myoviridae","SAMN03074181","PRJNA261534","GCA_002599705.1"," Chromosome",0.168966,35.3,"KM607003.1","bacteria",276,,"2014-10-22T00:00:00Z","ftp://ftp.ncbi.nlm.nih.gov/genomes/all/GCA/002/599/705/GCA_002599705.1_ASM259970v1",,"KM607003.1"
